{
  "midsize_maine" : {
    "name" : "midsize_maine",
    "mapTo" : "body",
    "class" : "Material",
    "persistentId" : "3fe3d553-a2de-4e29-8d18-3351b5bce90e",
    "Stages": [
      {
        "ambientOcclusionMap": "/vehicles/w211/midsize_main_ao.data.png",
        "baseColorMap": "/vehicles/w211/midsize_main_b.color.png",
        "metallicFactor": 1,
        "metallicMap": "/vehicles/w211/midsize_main_m.data.png",
        "normalMap": "vehicles/w211/midsize_main_n.normal.png",
        "roughnessMap": "/vehicles/w211/midsize_main_r.data.png",
        "useAnisotropic": true
      },
      {
        "ambientOcclusionMap": "/vehicles/w211/midsize_main_ao.data.png",
        "clearCoatFactor": 1,
        "clearCoatMap": "/vehicles/w211/midsize_main_cc.data.png",
        "clearCoatRoughnessFactor": 1,
        "colorPaletteMap": "/vehicles/w211/midsize_main_p.color.png",
        "colorPaletteMapUseUV": 1,
        "instanceDiffuse": true,
        "metallicFactor": 1,
        "normalMap": "/vehicles/w211/midsize_main_n.normal.png",
        "opacityMap": "/vehicles/w211/midsize_main_c.data.png",
        "useAnisotropic": true
      },
      {},
      {}
    ],
    "activeLayers": 2,
    "dynamicCubemap": true,
    "materialTag0": "beamng",
    "materialTag1": "vehicle",
    "order_simset": 0,
    "version": 1.5
  },
  "pickup_windshield_dmg": {
    "name": "pickup_windshield_dmg",
    "mapTo": "pickup_windshield_dmg",
    "class": "Material",
    "persistentId": "49762b71-3956-40bb-8640-072aeea3ace5",
    "Stages": [
      {
        "baseColorMap": "vehicles/common/pickup/pickup_glass_dmg_b.color.png",
        "clearCoatRoughnessFactor": 0,
        "normalMap": "/vehicles/common/windshield_dmg_n.dds",
        "opacityMap": "vehicles/common/pickup/pickup_glass_dmg_o.data.png",
        "pixelSpecular": true,
        "roughnessMap": "/vehicles/common/pickup/pickup_glass_r.data.png",
        "useAnisotropic": true
      },
      {},
      {},
      {}
    ],
    "alphaRef": 47,
    "castShadows": false,
    "dynamicCubemap": true,
    "materialTag0": "beamng",
    "materialTag1": "vehicle",
    "order_simset": 1852795252,
    "translucent": true,
    "translucentBlendOp": "PreMulAlpha",
    "translucentRecvShadows": true,
    "version": 1.5
  },
  "pickup_glass": {
    "name": "pickup_glass",
    "mapTo": "pickup_glass",
    "class": "Material",
    "persistentId": "586910e9-46c9-4ad4-8cda-1fc53c9680b1",
    "Stages": [
      {
        "baseColorMap": "vehicles/common/pickup/pickup_glass_b.color.png",
        "clearCoatRoughnessFactor": 0,
        "normalMap": "vehicles/common/pickup/pickup_glass_nm.normal.png",
        "opacityMap": "vehicles/common/pickup/pickup_glass_o.data.png",
        "pixelSpecular": true,
        "roughnessMap": "/vehicles/common/pickup/pickup_glass_r.data.png",
        "useAnisotropic": true
      },
      {},
      {},
      {}
    ],
    "alphaRef": 0,
    "castShadows": false,
    "dynamicCubemap": true,
    "materialTag0": "beamng",
    "materialTag1": "vehicle",
    "order_simset": 1852795252,
    "translucent": true,
    "translucentBlendOp": "PreMulAlpha",
    "translucentRecvShadows": true,
    "version": 1.5
  },
  "pickup_glass_dmg": {
    "name": "pickup_glass_dmg",
    "mapTo": "pickup_glass_dmg",
    "class": "Material",
    "persistentId": "6afe23cc-89f5-40fb-a8b3-667afb192097",
    "Stages": [
      {
        "baseColorMap": "vehicles/common/pickup/pickup_glass_dmg_b.color.png",
        "clearCoatRoughnessFactor": 0,
        "normalMap": "vehicles/common/pickup/pickup_glass_dmg_nm.normal.png",
        "opacityMap": "vehicles/common/pickup/pickup_glass_dmg_o.data.png",
        "pixelSpecular": true,
        "roughnessMap": "/vehicles/common/pickup/pickup_glass_r.data.png",
        "useAnisotropic": true
      },
      {},
      {},
      {}
    ],
    "alphaRef": 20,
    "alphaTest": true,
    "castShadows": false,
    "dynamicCubemap": true,
    "materialTag0": "beamng",
    "materialTag1": "vehicle",
    "order_simset": 1852795252,
    "translucent": true,
    "translucentBlendOp": "PreMulAlpha",
    "translucentRecvShadows": true,
    "version": 1.5
  }
}
